2;15:18:05.032989;-71dBm;14:c1:4e:3c:ce:8d
2;15:18:12.345010;-39dBm;26:e1:44:c7:02:bd
1;15:18:12.307766;-39dBm;26:e1:44:c7:02:bd
2;15:18:14.932298;-47dBm;86:32:7a:21:30:ad
1;15:18:14.895071;-51dBm;86:32:7a:21:30:ad
1;15:18:24.103524;-61dBm;28:ee:52:1d:f0:0e
1;15:18:26.137494;-29dBm;9a:ed:c5:49:c2:35
1;15:18:34.073508;-63dBm;64:5a:04:37:13:41
1;15:18:36.226211;-61dBm;28:ee:52:1d:f0:0e
1;15:18:42.284383;-61dBm;28:ee:52:1d:f0:0e
2;15:18:47.109683;-27dBm;9a:ed:c5:49:c2:35
2;15:18:49.665523;-47dBm;9a:ed:c5:49:c2:35
2;15:18:50.927795;-67dBm;14:c1:4e:3c:ce:8d
1;15:18:57.023164;-65dBm;4c:1d:96:99:55:c0
1;15:19:00.466120;-61dBm;28:ee:52:1d:f0:0e
2;15:19:05.960693;-69dBm;ac:67:84:ca:c6:e4
1;15:19:06.529085;-63dBm;28:ee:52:1d:f0:0e
2;15:19:09.142906;-37dBm;9a:ed:c5:49:c2:35
1;15:19:09.106188;-35dBm;9a:ed:c5:49:c2:35
2;15:19:13.530811;-77dBm;64:5a:04:37:13:41
2;15:19:14.577615;-71dBm;64:5a:04:37:13:41
1;15:19:18.654953;-63dBm;28:ee:52:1d:f0:0e
2;15:19:19.735358;-23dBm;9a:ed:c5:49:c2:35
1;15:19:19.698785;-19dBm;9a:ed:c5:49:c2:35
2;15:19:25.408627;-71dBm;4c:1d:96:99:55:c0
1;15:19:26.027788;-65dBm;c4:d0:e3:5e:00:38
1;15:19:30.200652;-63dBm;4c:1d:96:99:55:c0
2;15:19:33.781120;-19dBm;9a:ed:c5:49:c2:35
1;15:19:33.744591;-19dBm;9a:ed:c5:49:c2:35
1;15:19:36.669492;-65dBm;14:c1:4e:3c:ce:8d
2;15:19:36.708179;-69dBm;14:c1:4e:3c:ce:8d
1;15:19:42.140374;-61dBm;4c:1d:96:99:55:c0
2;15:19:42.176928;-73dBm;4c:1d:96:99:55:c0
1;15:19:47.190723;-65dBm;4c:1d:96:99:55:c0
2;15:19:51.355332;-69dBm;00:f6:20:e2:2d:a2
1;15:19:52.249263;-61dBm;4c:1d:96:99:55:c0
2;15:19:54.442288;-29dBm;9a:ed:c5:49:c2:35
1;15:19:54.776566;-45dBm;82:e9:6d:f8:e7:4a
1;15:20:00.727279;-61dBm;e0:0a:f6:50:3f:4f
1;15:20:02.048758;-39dBm;86:32:7a:21:30:ad
2;15:20:02.075120;-49dBm;86:32:7a:21:30:ad
1;15:20:06.918600;-39dBm;86:32:7a:21:30:ad
2;15:20:06.943557;-43dBm;86:32:7a:21:30:ad
1;15:20:08.678400;-65dBm;4c:1d:96:99:55:c0
2;15:20:10.248004;-45dBm;ec:63:d7:d0:34:e6
1;15:20:10.211508;-43dBm;ec:63:d7:d0:34:e6
1;15:20:18.828288;-63dBm;4c:1d:96:99:55:c0
1;15:20:28.306920;-65dBm;74:e5:f9:b9:03:5c
2;15:20:28.343369;-69dBm;74:e5:f9:b9:03:5c
2;15:20:30.340139;-69dBm;ac:67:84:ca:c6:e4
1;15:20:31.469986;-61dBm;28:ee:52:1d:f0:0e
1;15:20:35.535760;-63dBm;4c:1d:96:99:55:c0
1;15:20:37.523375;-61dBm;28:ee:52:1d:f0:0e
1;15:20:43.595120;-59dBm;28:ee:52:1d:f0:0e
2;15:20:45.656405;-67dBm;4c:1d:96:99:55:c0
2;15:20:47.304092;-37dBm;9a:ed:c5:49:c2:35
1;15:20:50.494220;-65dBm;4c:1d:96:99:55:c0
2;15:20:54.822201;-37dBm;22:a6:6b:a5:a8:f2
1;15:20:54.785919;-45dBm;22:a6:6b:a5:a8:f2
2;15:21:02.441783;-73dBm;4c:1d:96:99:55:c0
1;15:21:02.405531;-65dBm;4c:1d:96:99:55:c0
2;15:21:05.058287;-69dBm;14:c1:4e:3c:ce:8d
1;15:21:07.439432;-67dBm;4c:1d:96:99:55:c0
2;15:21:07.475641;-69dBm;4c:1d:96:99:55:c0
2;15:21:12.529956;-73dBm;4c:1d:96:99:55:c0
1;15:21:13.924682;-59dBm;28:ee:52:1d:f0:0e
2;15:21:14.686148;-43dBm;9a:ed:c5:49:c2:35
2;15:21:17.354955;-69dBm;4c:1d:96:99:55:c0
1;15:21:17.318851;-63dBm;4c:1d:96:99:55:c0
1;15:21:18.659927;-37dBm;ec:63:d7:d0:34:e6
1;15:21:19.980571;-59dBm;28:ee:52:1d:f0:0e
2;15:21:20.016714;-73dBm;28:ee:52:1d:f0:0e
1;15:21:20.895209;-39dBm;bc:d0:74:50:04:a6
2;15:21:30.893568;-73dBm;00:0b:6b:2b:13:c3
2;15:21:34.089047;-69dBm;ac:67:84:ca:c6:e4
1;15:21:38.192877;-61dBm;28:ee:52:1d:f0:0e
2;15:21:39.579643;-71dBm;4c:1d:96:99:55:c0
1;15:21:39.543769;-63dBm;4c:1d:96:99:55:c0
1;15:21:44.260924;-61dBm;28:ee:52:1d:f0:0e
1;15:21:46.849736;-39dBm;86:32:7a:21:30:ad
1;15:21:50.471884;-63dBm;4c:1d:96:99:55:c0
2;15:21:53.471490;-69dBm;a4:ce:da:1b:4a:aa
1;15:21:53.435765;-61dBm;a4:ce:da:1b:4a:aa
1;15:21:56.034183;-63dBm;4c:1d:96:99:55:c0
1;15:21:56.388310;-61dBm;28:ee:52:1d:f0:0e
2;15:21:59.933323;-67dBm;00:f6:20:e2:2d:a2
1;15:22:00.488642;-65dBm;b6:97:82:f1:2d:7e
1;15:22:04.977091;-35dBm;9a:ed:c5:49:c2:35
1;15:22:08.532654;-61dBm;28:ee:52:1d:f0:0e
2;15:22:11.006060;-73dBm;10:5b:ad:b2:25:e1
1;15:22:14.585042;-61dBm;28:ee:52:1d:f0:0e
1;15:22:20.641156;-61dBm;28:ee:52:1d:f0:0e
1;15:22:23.858390;-63dBm;4c:1d:96:99:55:c0
2;15:22:24.521452;-45dBm;ec:63:d7:d0:34:e6
1;15:22:26.692225;-59dBm;28:ee:52:1d:f0:0e
2;15:22:29.099480;-75dBm;4c:1d:96:99:55:c0
1;15:22:29.064186;-65dBm;4c:1d:96:99:55:c0
2;15:22:33.460619;-69dBm;14:c1:4e:3c:ce:8d
2;15:22:38.210735;-69dBm;ac:67:84:ca:c6:e4
1;15:22:44.874312;-59dBm;28:ee:52:1d:f0:0e
2;15:22:45.196478;-67dBm;4c:1d:96:99:55:c0
1;15:22:50.940366;-59dBm;28:ee:52:1d:f0:0e
2;15:22:50.926812;-69dBm;4c:1d:96:99:55:c0
1;15:22:55.651196;-63dBm;4c:1d:96:99:55:c0
1;15:22:57.005482;-61dBm;28:ee:52:1d:f0:0e
2;15:22:59.617477;-71dBm;fa:26:ae:5b:bd:e9
1;15:23:03.059684;-61dBm;28:ee:52:1d:f0:0e
2;15:23:06.000171;-69dBm;ac:67:84:ca:c6:e4
2;15:23:12.057406;-55dBm;86:32:7a:21:30:ad
1;15:23:12.022767;-39dBm;86:32:7a:21:30:ad
1;15:23:14.571482;-61dBm;2c:db:07:49:42:ce
2;15:23:17.861495;-69dBm;4c:1d:96:99:55:c0
1;15:23:17.826912;-65dBm;4c:1d:96:99:55:c0
2;15:23:19.063296;-67dBm;14:c1:4e:3c:ce:8d
2;15:23:20.597790;-67dBm;ea:03:d6:b6:49:62
1;15:23:27.303961;-61dBm;28:ee:52:1d:f0:0e
2;15:23:32.616469;-47dBm;ec:63:d7:d0:34:e6
1;15:23:39.126055;-65dBm;4c:1d:96:99:55:c0
2;15:23:40.043909;-43dBm;86:32:7a:21:30:ad
1;15:23:40.002086;-41dBm;86:32:7a:21:30:ad
2;15:23:42.210742;-67dBm;ac:67:84:ca:c6:e4
2;15:23:44.734930;-73dBm;4c:1d:96:99:55:c0
1;15:23:51.586766;-55dBm;28:ee:52:1d:f0:0e
2;15:23:54.859932;-67dBm;4c:1d:96:99:55:c0
1;15:23:54.825940;-67dBm;4c:1d:96:99:55:c0
1;15:23:59.632752;-63dBm;4c:1d:96:99:55:c0
2;15:23:59.666648;-69dBm;4c:1d:96:99:55:c0
1;15:24:05.628389;-63dBm;30:c3:d9:f2:42:89
2;15:24:08.348556;-67dBm;00:f6:20:e2:2d:a2
1;15:24:09.782882;-57dBm;28:ee:52:1d:f0:0e
1;15:24:14.781915;-37dBm;bc:d0:74:50:04:a6
2;15:24:16.564368;-67dBm;4c:1d:96:99:55:c0
1;15:24:21.899022;-61dBm;28:ee:52:1d:f0:0e
1;15:24:25.608017;-59dBm;c4:d0:e3:5e:00:38
2;15:24:34.589944;-75dBm;06:73:9d:6b:fe:9d
2;15:24:38.910670;-45dBm;ec:63:d7:d0:34:e6
1;15:24:38.877417;-35dBm;ec:63:d7:d0:34:e6
2;15:24:46.126317;-67dBm;ac:67:84:ca:c6:e4
2;15:24:53.480742;-67dBm;4c:1d:96:99:55:c0
2;15:24:55.547583;-73dBm;1e:e3:9b:2c:ff:94
1;15:24:58.262282;-61dBm;28:ee:52:1d:f0:0e
2;15:24:59.628383;-63dBm;9a:4d:89:40:cd:fb
1;15:25:04.339782;-61dBm;28:ee:52:1d:f0:0e
1;15:25:05.468229;-61dBm;ee:43:72:2a:85:cb
2;15:25:12.359944;-63dBm;00:f6:20:e2:2d:a2
2;15:25:15.762449;-71dBm;4c:1d:96:99:55:c0
2;15:25:20.188425;-37dBm;86:32:7a:21:30:ad
1;15:25:20.209305;-49dBm;86:32:7a:21:30:ad
2;15:25:26.821421;-71dBm;4c:1d:96:99:55:c0
1;15:25:26.789036;-61dBm;4c:1d:96:99:55:c0
2;15:25:32.954753;-67dBm;14:c1:4e:3c:ce:8d
1;15:25:32.918229;-65dBm;14:c1:4e:3c:ce:8d
1;15:25:34.658251;-61dBm;28:ee:52:1d:f0:0e
1;15:25:40.726080;-61dBm;28:ee:52:1d:f0:0e
2;15:25:40.758194;-71dBm;28:ee:52:1d:f0:0e
1;15:25:42.586333;-67dBm;2e:1b:87:f1:15:51
1;15:25:45.088849;-41dBm;ec:63:d7:d0:34:e6
2;15:25:45.120891;-49dBm;ec:63:d7:d0:34:e6
2;15:25:46.799902;-73dBm;28:ee:52:1d:f0:0e
2;15:25:47.243674;-69dBm;4c:1d:96:99:55:c0
2;15:25:50.077742;-67dBm;ac:67:84:ca:c6:e4
2;15:25:54.957444;-61dBm;82:27:03:e4:f8:56
1;15:25:58.875162;-59dBm;28:ee:52:1d:f0:0e
2;15:26:00.537236;-73dBm;12:1d:1b:f8:ea:d2
1;15:26:03.533840;-63dBm;e0:0a:f6:50:3f:4f
1;15:26:04.941907;-63dBm;28:ee:52:1d:f0:0e
1;15:26:11.021929;-61dBm;28:ee:52:1d:f0:0e
2;15:26:16.605104;-65dBm;00:f6:20:e2:2d:a2
1;15:26:17.093491;-59dBm;28:ee:52:1d:f0:0e
2;15:26:18.861496;-69dBm;14:c1:4e:3c:ce:8d
1;15:26:23.869639;-37dBm;bc:d0:74:50:04:a6
1;15:26:24.927347;-49dBm;7e:62:9e:f7:68:25
1;15:26:27.180346;-65dBm;4c:1d:96:99:55:c0
2;15:26:32.212709;-71dBm;4c:1d:96:99:55:c0
1;15:26:32.181431;-65dBm;4c:1d:96:99:55:c0
1;15:26:35.278028;-61dBm;28:ee:52:1d:f0:0e
1;15:26:41.361532;-61dBm;28:ee:52:1d:f0:0e
2;15:26:43.382261;-69dBm;4c:1d:96:99:55:c0
1;15:26:47.406032;-61dBm;28:ee:52:1d:f0:0e
1;15:26:48.770298;-65dBm;4c:1d:96:99:55:c0
2;15:26:48.801126;-71dBm;4c:1d:96:99:55:c0
2;15:26:50.817487;-45dBm;ec:63:d7:d0:34:e6
1;15:26:50.786637;-35dBm;ec:63:d7:d0:34:e6
1;15:26:53.465329;-61dBm;28:ee:52:1d:f0:0e
2;15:26:54.177723;-41dBm;86:32:7a:21:30:ad
1;15:26:55.163583;-65dBm;a2:df:1b:7a:7d:1a
2;15:27:04.369719;-69dBm;a4:ce:da:1b:4a:aa
1;15:27:04.314992;-63dBm;a4:ce:da:1b:4a:aa
1;15:27:05.581771;-61dBm;28:ee:52:1d:f0:0e
2;15:27:06.015382;-69dBm;ac:67:84:ca:c6:e4
2;15:27:07.015026;-73dBm;72:9b:ba:50:38:59
1;15:27:08.008221;-43dBm;46:98:22:25:1c:3c
2;15:27:18.058362;-65dBm;4c:1d:96:99:55:c0
2;15:27:20.766577;-67dBm;00:f6:20:e2:2d:a2
2;15:27:27.572780;-71dBm;8e:d1:cf:ea:42:45
1;15:27:29.857654;-61dBm;28:ee:52:1d:f0:0e
2;15:27:29.887809;-71dBm;28:ee:52:1d:f0:0e
1;15:27:37.170370;-45dBm;4a:98:c7:4b:81:14
2;15:27:37.200330;-55dBm;4a:98:c7:4b:81:14
1;15:27:41.969968;-61dBm;28:ee:52:1d:f0:0e
2;15:27:47.589619;-73dBm;c6:78:97:41:32:2c
1;15:27:48.017393;-57dBm;28:ee:52:1d:f0:0e
2;15:27:48.324501;-51dBm;aa:5b:61:2e:6e:b6
1;15:27:54.080615;-59dBm;28:ee:52:1d:f0:0e
2;15:27:56.628491;-71dBm;ae:b1:8d:0d:44:e5
1;15:27:58.821946;-43dBm;ec:63:d7:d0:34:e6
2;15:27:58.851911;-55dBm;ec:63:d7:d0:34:e6
2;15:28:04.298607;-73dBm;f6:d1:96:c7:9d:13
2;15:28:07.205630;-47dBm;c2:cc:a4:78:fb:15
1;15:28:07.174154;-37dBm;c2:cc:a4:78:fb:15
1;15:28:12.296460;-59dBm;28:ee:52:1d:f0:0e
2;15:28:12.328842;-73dBm;28:ee:52:1d:f0:0e
2;15:28:15.466044;-61dBm;2c:db:07:49:42:ce
1;15:28:18.364467;-57dBm;28:ee:52:1d:f0:0e
2;15:28:19.268870;-43dBm;d2:85:b4:b7:e6:1d
1;15:28:19.211496;-49dBm;d2:85:b4:b7:e6:1d
2;15:28:19.789408;-47dBm;9e:d9:0b:f2:3a:87
1;15:28:21.770311;-57dBm;e0:0a:f6:50:3f:4f
2;15:28:24.455344;-71dBm;28:ee:52:1d:f0:0e
2;15:28:25.105726;-67dBm;00:f6:20:e2:2d:a2
1;15:28:26.598830;-67dBm;4c:1d:96:99:55:c0
1;15:28:30.428045;-59dBm;28:ee:52:1d:f0:0e
2;15:28:32.426414;-69dBm;14:c1:4e:3c:ce:8d
1;15:28:32.478801;-63dBm;14:c1:4e:3c:ce:8d
1;15:28:33.327271;-43dBm;22:3d:c3:e4:fe:3c
2;15:28:38.003091;-65dBm;9a:45:f0:e0:a2:d5
1;15:28:48.708325;-63dBm;28:ee:52:1d:f0:0e
1;15:28:54.787858;-59dBm;28:ee:52:1d:f0:0e
2;15:28:59.926841;-69dBm;4c:1d:96:99:55:c0
1;15:29:04.971114;-33dBm;ec:63:d7:d0:34:e6
1;15:29:06.432304;-63dBm;9a:45:f0:e0:a2:d5
1;15:29:09.579268;-65dBm;e2:e3:c1:84:e6:79
1;15:29:12.495427;-37dBm;26:db:70:c2:9c:ff
1;15:29:12.968602;-63dBm;28:ee:52:1d:f0:0e
2;15:29:15.430779;-73dBm;ac:0b:fb:24:8e:28
2;15:29:18.309609;-67dBm;14:c1:4e:3c:ce:8d
1;15:29:18.267083;-63dBm;14:c1:4e:3c:ce:8d
2;15:29:23.535403;-71dBm;4c:1d:96:99:55:c0
1;15:29:25.086074;-61dBm;28:ee:52:1d:f0:0e
2;15:29:26.024252;-65dBm;c4:d0:e3:5e:00:38
2;15:29:29.413192;-63dBm;00:f6:20:e2:2d:a2
1;15:29:31.126691;-61dBm;28:ee:52:1d:f0:0e
2;15:29:35.132750;-45dBm;72:c3:e4:3e:85:bc
1;15:29:36.538746;-65dBm;ee:a8:ce:a5:15:b4
2;15:29:36.583715;-71dBm;ee:a8:ce:a5:15:b4
1;15:29:37.183459;-61dBm;28:ee:52:1d:f0:0e
1;15:29:40.667533;-41dBm;b2:cd:4e:8c:da:f1
2;15:29:40.713071;-49dBm;b2:cd:4e:8c:da:f1
1;15:29:43.243558;-59dBm;28:ee:52:1d:f0:0e
2;15:29:45.889150;-69dBm;4c:1d:96:99:55:c0
1;15:29:46.942785;-65dBm;ac:0b:fb:26:79:6c
2;15:29:52.926631;-67dBm;6e:ec:15:42:14:6c
1;15:29:52.879678;-61dBm;6e:ec:15:42:14:6c
2;15:29:58.583040;-69dBm;86:86:ee:ed:79:aa
2;15:30:00.779188;-67dBm;14:c1:4e:3c:ce:8d
1;15:30:01.817286;-45dBm;4e:c7:96:bf:61:6b
2;15:30:04.649521;-59dBm;3c:15:c2:d7:e1:96
1;15:30:04.601196;-53dBm;3c:15:c2:d7:e1:96
2;15:30:06.534140;-67dBm;ac:67:84:ca:c6:e4
1;15:30:06.630983;-67dBm;4c:1d:96:99:55:c0
2;15:30:07.747371;-57dBm;3c:15:c2:d7:e1:96
1;15:30:08.442642;-43dBm;ca:c8:bd:2c:cc:f5
2;15:30:08.895377;-45dBm;ca:c8:bd:2c:cc:f5
2;15:30:11.185466;-57dBm;ec:63:d7:d0:34:e6
1;15:30:12.005754;-65dBm;4c:1d:96:99:55:c0
2;15:30:13.322238;-65dBm;ca:3f:19:9b:ca:7b
2;15:30:19.693100;-71dBm;28:ee:52:1d:f0:0e
1;15:30:20.883500;-65dBm;ac:0b:fb:26:79:6c
2;15:30:25.813976;-75dBm;ac:0b:fb:24:8e:28
1;15:30:29.735881;-33dBm;ec:63:d7:d0:34:e6
2;15:30:29.786895;-43dBm;ec:63:d7:d0:34:e6
1;15:30:31.782851;-61dBm;28:ee:52:1d:f0:0e
2;15:30:33.658244;-69dBm;00:f6:20:e2:2d:a2
1;15:30:33.992176;-63dBm;4c:1d:96:99:55:c0
1;15:30:36.169717;-67dBm;da:f5:bb:89:10:01
1;15:30:37.838694;-59dBm;28:ee:52:1d:f0:0e
2;15:30:37.890546;-73dBm;28:ee:52:1d:f0:0e
2;15:30:39.098595;-63dBm;4c:1d:96:99:55:c0
1;15:30:39.702004;-63dBm;4c:1d:96:99:55:c0
2;15:30:42.620034;-69dBm;96:8d:51:ce:9e:53
1;15:30:43.917270;-59dBm;28:ee:52:1d:f0:0e
2;15:30:46.281438;-69dBm;14:c1:4e:3c:ce:8d
1;15:30:46.937530;-63dBm;74:e5:f9:b9:03:5c
1;15:30:49.967142;-61dBm;28:ee:52:1d:f0:0e
2;15:30:50.155910;-69dBm;1e:ef:ff:c2:56:13
2;15:30:52.945292;-65dBm;a6:3f:f7:2e:4b:97
1;15:30:56.030564;-61dBm;28:ee:52:1d:f0:0e
2;15:31:02.141344;-69dBm;28:ee:52:1d:f0:0e
1;15:31:02.496105;-63dBm;4c:1d:96:99:55:c0
2;15:31:04.542249;-69dBm;86:bd:37:e6:6f:e9
2;15:31:06.065315;-69dBm;ac:67:84:ca:c6:e4
1;15:31:12.284406;-41dBm;ec:63:d7:d0:34:e6
2;15:31:12.339530;-45dBm;ec:63:d7:d0:34:e6
1;15:31:18.700712;-63dBm;e0:d4:64:f2:5f:94
2;15:31:22.042252;-65dBm;9a:45:f0:e0:a2:d5
2;15:31:24.900163;-69dBm;4c:1d:96:99:55:c0
1;15:31:24.843945;-65dBm;4c:1d:96:99:55:c0
1;15:31:26.362598;-61dBm;28:ee:52:1d:f0:0e
2;15:31:31.244117;-51dBm;42:70:6a:a9:9d:15
1;15:31:31.187394;-43dBm;42:70:6a:a9:9d:15
2;15:31:32.109179;-69dBm;14:c1:4e:3c:ce:8d
2;15:31:36.267329;-67dBm;4c:1d:96:99:55:c0
2;15:31:38.009539;-67dBm;00:f6:20:e2:2d:a2
1;15:31:37.952246;-65dBm;00:f6:20:e2:2d:a2
2;15:31:47.395643;-69dBm;b6:97:82:f1:2d:7e
1;15:31:47.556208;-67dBm;4c:1d:96:99:55:c0
2;15:31:52.981433;-69dBm;52:49:60:24:6c:34
2;15:31:57.529537;-47dBm;f2:77:e2:c6:a1:4b
1;15:31:57.470765;-43dBm;f2:77:e2:c6:a1:4b
1;15:31:59.402098;-69dBm;ae:b4:6c:35:05:c1
2;15:31:59.461099;-73dBm;ae:b4:6c:35:05:c1
1;15:32:00.253193;-35dBm;ec:63:d7:d0:34:e6
1;15:32:02.791045;-59dBm;28:ee:52:1d:f0:0e
2;15:32:14.949739;-63dBm;ac:67:84:ca:c6:e4
1;15:32:17.338256;-69dBm;ac:0b:fb:26:79:6c
2;15:32:17.948446;-69dBm;14:c1:4e:3c:ce:8d
1;15:32:20.961592;-59dBm;28:ee:52:1d:f0:0e
2;15:32:22.207255;-69dBm;4c:1d:96:99:55:c0
2;15:32:26.128133;-49dBm;46:87:37:22:5b:fe
1;15:32:26.981533;-63dBm;28:ee:52:1d:f0:0e
2;15:32:30.504840;-55dBm;86:32:7a:21:30:ad
1;15:32:30.426520;-41dBm;86:32:7a:21:30:ad
1;15:32:37.676552;-41dBm;bc:d0:74:50:04:a6
2;15:32:37.738113;-43dBm;bc:d0:74:50:04:a6
1;15:32:45.105597;-57dBm;28:ee:52:1d:f0:0e
2;15:32:52.599703;-69dBm;5a:a8:ef:95:e2:8b
2;15:32:53.695948;-47dBm;fe:b5:4d:95:bc:d7
1;15:32:53.633438;-51dBm;fe:b5:4d:95:bc:d7
2;15:32:55.791830;-45dBm;ea:74:1b:d5:55:ec
2;15:33:00.244305;-71dBm;a0:f3:c1:1e:e6:b5
2;15:33:01.584462;-67dBm;4c:1d:96:99:55:c0
1;15:33:03.369495;-57dBm;28:ee:52:1d:f0:0e
2;15:33:08.540787;-43dBm;ec:63:d7:d0:34:e6
2;15:33:14.400945;-73dBm;a0:f3:c1:1e:e6:b5
2;15:33:16.378149;-47dBm;c2:1b:24:ef:2b:b3
2;15:33:17.346897;-67dBm;4c:1d:96:99:55:c0
2;15:33:19.278421;-67dBm;ac:67:84:ca:c6:e4
1;15:33:23.636230;-41dBm;46:e6:82:60:0d:2a
2;15:33:23.700497;-53dBm;46:e6:82:60:0d:2a
1;15:33:25.893558;-51dBm;66:3c:bc:3f:2a:03
2;15:33:25.978178;-43dBm;66:3c:bc:3f:2a:03
1;15:33:27.646627;-61dBm;28:ee:52:1d:f0:0e
2;15:33:30.176024;-67dBm;4c:1d:96:99:55:c0
2;15:33:31.720921;-43dBm;86:32:7a:21:30:ad
1;15:33:31.656219;-51dBm;86:32:7a:21:30:ad
1;15:33:33.745094;-61dBm;28:ee:52:1d:f0:0e
2;15:33:33.835978;-71dBm;72:4a:e5:ae:7a:7e
2;15:33:36.599525;-69dBm;c6:13:82:9f:cb:9d
1;15:33:36.534554;-65dBm;c6:13:82:9f:cb:9d
1;15:33:39.820123;-57dBm;28:ee:52:1d:f0:0e
2;15:33:45.169667;-69dBm;72:4a:e5:ae:7a:7e
2;15:33:46.139839;-69dBm;14:c1:4e:3c:ce:8d
2;15:33:47.000149;-69dBm;4c:1d:96:99:55:c0
1;15:33:52.968048;-65dBm;e6:66:79:7c:b4:21
1;15:33:57.984840;-61dBm;28:ee:52:1d:f0:0e
2;15:33:59.398063;-47dBm;9e:20:5a:e3:6b:77
1;15:33:59.710373;-49dBm;9e:20:5a:e3:6b:77
2;15:34:02.363498;-67dBm;9a:6d:6b:7d:44:a5
2;15:34:04.182022;-59dBm;28:ee:52:1d:f0:0e
1;15:34:04.794870;-41dBm;bc:d0:74:50:04:a6
1;15:34:10.132486;-61dBm;28:ee:52:1d:f0:0e
2;15:34:15.687011;-43dBm;ec:63:d7:d0:34:e6
1;15:34:21.313769;-47dBm;06:10:f6:71:e3:d5
1;15:34:22.284363;-59dBm;28:ee:52:1d:f0:0e
1;15:34:23.442359;-67dBm;ac:0b:fb:26:79:6c
1;15:34:25.865990;-65dBm;ac:0b:fb:26:79:6c
2;15:34:26.077506;-63dBm;c4:d0:e3:5e:00:38
1;15:34:28.345751;-59dBm;28:ee:52:1d:f0:0e
2;15:34:31.642634;-71dBm;14:c1:4e:3c:ce:8d
1;15:34:33.137917;-67dBm;ac:0b:fb:26:79:6c
1;15:34:36.380348;-63dBm;4c:1d:96:99:55:c0
2;15:34:36.448123;-69dBm;4c:1d:96:99:55:c0
1;15:34:40.489794;-61dBm;28:ee:52:1d:f0:0e
1;15:34:44.198388;-49dBm;aa:22:f3:d6:28:18
2;15:34:44.266440;-59dBm;aa:22:f3:d6:28:18
2;15:34:47.048946;-71dBm;4c:1d:96:99:55:c0
1;15:34:46.980758;-63dBm;4c:1d:96:99:55:c0
2;15:34:50.778748;-67dBm;00:f6:20:e2:2d:a2
2;15:34:52.287929;-69dBm;4c:1d:96:99:55:c0
1;15:34:53.002441;-65dBm;de:cd:55:a8:ca:8c
1;15:34:58.684986;-61dBm;28:ee:52:1d:f0:0e
2;15:35:03.697821;-65dBm;4c:1d:96:99:55:c0
1;15:35:08.705860;-61dBm;4c:1d:96:99:55:c0
2;15:35:09.397494;-69dBm;4c:1d:96:99:55:c0
1;15:35:13.290550;-65dBm;96:7f:3f:a0:ec:35
2;15:35:14.434222;-71dBm;14:c1:4e:3c:ce:8d
1;15:35:14.763833;-65dBm;4c:1d:96:99:55:c0
1;15:35:16.494876;-63dBm;d2:cd:f4:da:2d:e6
2;15:35:19.120692;-69dBm;e2:e3:c1:84:e6:79
1;15:35:22.932198;-61dBm;28:ee:52:1d:f0:0e
1;15:35:24.844094;-41dBm;ec:63:d7:d0:34:e6
2;15:35:26.347361;-67dBm;4c:1d:96:99:55:c0
1;15:35:28.986656;-61dBm;28:ee:52:1d:f0:0e
2;15:35:31.249198;-71dBm;4c:1d:96:99:55:c0
1;15:35:33.789780;-67dBm;ac:0b:fb:26:79:6c
1;15:35:35.033965;-61dBm;28:ee:52:1d:f0:0e
2;15:35:37.447898;-67dBm;4c:1d:96:99:55:c0
2;15:35:41.114049;-71dBm;02:30:41:58:3a:7e
1;15:35:42.438265;-63dBm;4c:1d:96:99:55:c0
2;15:35:42.508479;-67dBm;4c:1d:96:99:55:c0
2;15:35:43.783049;-75dBm;ac:0b:fb:24:8e:28
2;15:35:51.016771;-73dBm;86:db:3f:ef:ab:fb
2;15:35:53.086778;-69dBm;32:b5:26:dc:62:28
1;15:35:53.016233;-63dBm;32:b5:26:dc:62:28
1;15:35:54.457118;-65dBm;70:32:17:59:4a:93
2;15:35:54.950973;-69dBm;00:f6:20:e2:2d:a2
1;15:35:59.267485;-61dBm;28:ee:52:1d:f0:0e
2;15:36:00.348380;-71dBm;14:c1:4e:3c:ce:8d
2;15:36:09.035799;-65dBm;1a:a5:aa:75:14:e7
2;15:36:11.024219;-67dBm;4c:1d:96:99:55:c0
1;15:36:16.256077;-67dBm;e2:e3:c1:84:e6:79
1;15:36:17.467155;-61dBm;28:ee:52:1d:f0:0e
1;15:36:23.533555;-61dBm;28:ee:52:1d:f0:0e
1;15:36:24.462508;-65dBm;e0:ce:c3:73:dd:51
2;15:36:27.600676;-69dBm;4c:1d:96:99:55:c0
1;15:36:31.572437;-39dBm;ec:63:d7:d0:34:e6
2;15:36:31.644138;-45dBm;ec:63:d7:d0:34:e6
2;15:36:34.570188;-71dBm;a6:40:2b:03:2c:08
1;15:36:35.743940;-61dBm;28:ee:52:1d:f0:0e
2;15:36:46.156621;-73dBm;14:c1:4e:3c:ce:8d
1;15:36:47.802758;-61dBm;28:ee:52:1d:f0:0e
2;15:36:50.501499;-69dBm;ea:d6:d8:20:e1:c9
1;15:36:53.050428;-59dBm;3e:32:53:e5:58:ba
2;15:36:53.122679;-65dBm;3e:32:53:e5:58:ba
2;15:36:54.659512;-69dBm;4c:1d:96:99:55:c0
1;15:36:59.645688;-65dBm;4c:1d:96:99:55:c0
2;15:37:04.731710;-71dBm;4c:1d:96:99:55:c0
1;15:37:05.964106;-61dBm;28:ee:52:1d:f0:0e
2;15:37:06.118559;-71dBm;ac:67:84:ca:c6:e4
2;15:37:10.896304;-65dBm;4c:1d:96:99:55:c0
1;15:37:10.823593;-61dBm;4c:1d:96:99:55:c0
1;15:37:12.026588;-57dBm;28:ee:52:1d:f0:0e
2;15:37:16.282725;-69dBm;4c:1d:96:99:55:c0
1;15:37:23.231883;-37dBm;bc:d0:74:50:04:a6
2;15:37:23.304927;-43dBm;bc:d0:74:50:04:a6
1;15:37:24.142635;-59dBm;28:ee:52:1d:f0:0e
2;15:37:26.461896;-63dBm;4c:1d:96:99:55:c0
1;15:37:37.190319;-37dBm;ec:63:d7:d0:34:e6
2;15:37:39.222875;-67dBm;ac:67:84:ca:c6:e4
1;15:37:46.961292;-57dBm;3a:2d:e9:32:42:e4
2;15:37:46.993819;-59dBm;3a:2d:e9:32:42:e4
1;15:37:48.403884;-59dBm;28:ee:52:1d:f0:0e
2;15:37:53.185256;-65dBm;32:47:d8:48:47:7a
1;15:37:53.548909;-61dBm;4c:1d:96:99:55:c0
2;15:37:54.549791;-73dBm;28:ee:52:1d:f0:0e
1;15:37:57.061285;-61dBm;9a:07:48:43:e8:28
2;15:37:58.448134;-63dBm;4c:1d:96:99:55:c0
2;15:38:00.608775;-71dBm;28:ee:52:1d:f0:0e
2;15:38:03.616414;-65dBm;00:f6:20:e2:2d:a2
2;15:38:06.656500;-73dBm;28:ee:52:1d:f0:0e
1;15:38:06.582564;-61dBm;28:ee:52:1d:f0:0e
1;15:38:12.662148;-61dBm;28:ee:52:1d:f0:0e
2;15:38:14.355410;-69dBm;14:c1:4e:3c:ce:8d
1;15:38:24.817035;-59dBm;28:ee:52:1d:f0:0e
1;15:38:30.872266;-61dBm;28:ee:52:1d:f0:0e
2;15:38:43.004328;-49dBm;ec:63:d7:d0:34:e6
1;15:38:42.929651;-41dBm;ec:63:d7:d0:34:e6
2;15:38:45.228228;-45dBm;1a:5a:81:06:f9:96
1;15:38:49.068498;-63dBm;28:ee:52:1d:f0:0e
2;15:38:55.202768;-69dBm;28:ee:52:1d:f0:0e
1;15:38:55.127897;-59dBm;28:ee:52:1d:f0:0e
2;15:38:57.088149;-67dBm;60:a5:e2:57:6c:af
1;15:39:01.201424;-59dBm;28:ee:52:1d:f0:0e
2;15:39:03.308856;-73dBm;4c:1d:96:99:55:c0
1;15:39:07.249400;-59dBm;28:ee:52:1d:f0:0e
2;15:39:10.404562;-71dBm;26:0a:3c:31:cb:0e
1;15:39:14.112855;-61dBm;4c:1d:96:99:55:c0
2;15:39:19.460944;-67dBm;28:ee:52:1d:f0:0e
1;15:39:25.469117;-61dBm;28:ee:52:1d:f0:0e
1;15:39:35.198943;-61dBm;4c:1d:96:99:55:c0
2;15:39:37.661409;-73dBm;28:ee:52:1d:f0:0e
1;15:39:37.585809;-61dBm;28:ee:52:1d:f0:0e
2;15:39:42.712960;-67dBm;14:c1:4e:3c:ce:8d
1;15:39:42.638415;-65dBm;14:c1:4e:3c:ce:8d
2;15:39:43.729172;-73dBm;28:ee:52:1d:f0:0e
2;15:39:48.730518;-43dBm;ec:63:d7:d0:34:e6
2;15:39:52.610638;-57dBm;3c:15:c2:d7:e1:96
2;15:39:53.230808;-67dBm;ea:c1:2d:00:f2:90
1;15:39:55.777425;-59dBm;28:ee:52:1d:f0:0e
2;15:39:55.853278;-71dBm;28:ee:52:1d:f0:0e
1;15:39:57.694097;-63dBm;4c:1d:96:99:55:c0
1;15:40:01.832911;-61dBm;28:ee:52:1d:f0:0e
2;15:40:02.865496;-71dBm;4c:1d:96:99:55:c0
1;15:40:07.889810;-61dBm;28:ee:52:1d:f0:0e
2;15:40:11.906016;-67dBm;00:f6:20:e2:2d:a2
1;15:40:13.945861;-59dBm;28:ee:52:1d:f0:0e
2;15:40:14.027226;-67dBm;4c:1d:96:99:55:c0
1;15:40:20.017705;-61dBm;28:ee:52:1d:f0:0e
2;15:40:20.093877;-73dBm;28:ee:52:1d:f0:0e
2;15:40:24.193544;-67dBm;4c:1d:96:99:55:c0
2;15:40:28.271489;-69dBm;14:c1:4e:3c:ce:8d
1;15:40:32.144361;-61dBm;28:ee:52:1d:f0:0e
1;15:40:38.204647;-61dBm;28:ee:52:1d:f0:0e
1;15:40:44.249533;-59dBm;28:ee:52:1d:f0:0e
2;15:40:46.533477;-45dBm;2a:cc:f2:b1:44:9b
1;15:40:46.477150;-47dBm;2a:cc:f2:b1:44:9b
1;15:40:50.304831;-59dBm;28:ee:52:1d:f0:0e
2;15:40:52.857744;-67dBm;4c:1d:96:99:55:c0
1;15:40:52.781116;-63dBm;4c:1d:96:99:55:c0
2;15:40:54.241038;-49dBm;ec:63:d7:d0:34:e6
1;15:40:54.164399;-39dBm;ec:63:d7:d0:34:e6
2;15:40:55.313270;-71dBm;ac:67:84:ca:c6:e4
2;15:40:56.453669;-73dBm;28:ee:52:1d:f0:0e
1;15:40:56.377032;-59dBm;28:ee:52:1d:f0:0e
1;15:40:58.782704;-61dBm;36:35:04:c7:58:b3
1;15:41:02.448141;-59dBm;28:ee:52:1d:f0:0e
2;15:41:05.077276;-71dBm;ba:89:38:03:7d:1a
2;15:41:06.142160;-69dBm;ac:67:84:ca:c6:e4
2;15:41:13.785421;-69dBm;14:c1:4e:3c:ce:8d
1;15:41:13.707549;-65dBm;14:c1:4e:3c:ce:8d
2;15:41:15.108446;-69dBm;4c:1d:96:99:55:c0
2;15:41:16.231265;-65dBm;00:f6:20:e2:2d:a2
1;15:41:18.627681;-63dBm;e2:e3:c1:84:e6:79
1;15:41:25.360526;-61dBm;4c:1d:96:99:55:c0
1;15:41:26.684688;-59dBm;28:ee:52:1d:f0:0e
1;15:41:32.751874;-59dBm;28:ee:52:1d:f0:0e
1;15:41:33.591363;-65dBm;da:07:44:ff:a2:8d
1;15:41:37.457047;-61dBm;4c:1d:96:99:55:c0
2;15:41:37.534184;-67dBm;4c:1d:96:99:55:c0
1;15:41:44.881600;-59dBm;28:ee:52:1d:f0:0e
2;15:41:44.958834;-71dBm;28:ee:52:1d:f0:0e
1;15:41:47.769713;-63dBm;4c:1d:96:99:55:c0
1;15:41:50.952004;-59dBm;28:ee:52:1d:f0:0e
2;15:41:52.918177;-25dBm;9a:ed:c5:49:c2:35
2;15:41:53.264146;-67dBm;0a:d9:63:1f:a5:73
2;15:42:02.133028;-59dBm;ec:63:d7:d0:34:e6
2;15:42:02.945086;-77dBm;0c:dd:24:68:14:f1
1;15:42:06.361407;-69dBm;e2:e3:c1:84:e6:79
2;15:42:06.423122;-67dBm;e2:e3:c1:84:e6:79
1;15:42:09.156392;-59dBm;28:ee:52:1d:f0:0e
1;15:42:15.211951;-57dBm;28:ee:52:1d:f0:0e
1;15:42:19.341479;-61dBm;4c:1d:96:99:55:c0
2;15:42:20.529253;-67dBm;00:f6:20:e2:2d:a2
1;15:42:20.451693;-65dBm;00:f6:20:e2:2d:a2
1;15:42:21.259357;-59dBm;28:ee:52:1d:f0:0e
2;15:42:26.178411;-69dBm;00:0b:6b:2b:13:dd
1;15:42:26.100772;-59dBm;00:0b:6b:2b:13:dd
2;15:42:35.516893;-69dBm;a4:ce:da:1b:4a:aa
1;15:42:35.439175;-61dBm;a4:ce:da:1b:4a:aa
1;15:42:39.385930;-59dBm;28:ee:52:1d:f0:0e
2;15:42:39.524952;-73dBm;28:ee:52:1d:f0:0e
2;15:42:41.959261;-69dBm;14:c1:4e:3c:ce:8d
2;15:42:43.360706;-35dBm;9a:ed:c5:49:c2:35
2;15:42:47.194001;-69dBm;5e:86:59:c0:31:82
1;15:42:51.556453;-61dBm;4c:1d:96:99:55:c0
2;15:42:53.266529;-67dBm;4a:1c:98:13:ef:3e
1;15:42:55.166865;-23dBm;9a:ed:c5:49:c2:35
2;15:42:57.212712;-65dBm;00:0b:6b:2b:13:c8
2;15:42:58.744473;-73dBm;5e:86:59:c0:31:82
1;15:43:03.685434;-59dBm;28:ee:52:1d:f0:0e
2;15:43:03.947610;-67dBm;ac:67:84:ca:c6:e4
2;15:43:07.271601;-69dBm;ac:67:84:ca:c6:e4
1;15:43:15.807069;-61dBm;28:ee:52:1d:f0:0e
2;15:43:18.744526;-73dBm;1a:85:06:85:fc:19
1;15:43:20.048583;-59dBm;2c:db:07:49:42:ce
2;15:43:20.126690;-55dBm;2c:db:07:49:42:ce
1;15:43:21.871565;-61dBm;28:ee:52:1d:f0:0e
2;15:43:21.949692;-71dBm;28:ee:52:1d:f0:0e
2;15:43:24.773115;-67dBm;00:f6:20:e2:2d:a2
1;15:43:24.881352;-65dBm;4c:1d:96:99:55:c0
1;15:43:29.240563;-69dBm;ac:0b:fb:26:79:6c
1;15:43:34.002646;-61dBm;28:ee:52:1d:f0:0e
1;15:43:35.272941;-63dBm;4c:1d:96:99:55:c0
1;15:43:40.054462;-59dBm;28:ee:52:1d:f0:0e
1;15:43:46.106570;-61dBm;28:ee:52:1d:f0:0e
1;15:43:52.194270;-61dBm;28:ee:52:1d:f0:0e
2;15:43:52.272660;-71dBm;28:ee:52:1d:f0:0e
1;15:43:53.213362;-63dBm;7e:d2:a9:1e:5d:bd
1;15:43:56.208259;-65dBm;4c:1d:96:99:55:c0
1;15:43:58.248048;-61dBm;28:ee:52:1d:f0:0e
1;15:44:03.084764;-65dBm;4a:74:ff:50:4d:0c
2;15:44:07.934526;-69dBm;ac:67:84:ca:c6:e4
2;15:44:13.043729;-67dBm;4c:1d:96:99:55:c0
1;15:44:12.980569;-63dBm;4c:1d:96:99:55:c0
2;15:44:13.402935;-65dBm;14:c1:4e:3c:ce:8d
1;15:44:14.628339;-35dBm;ec:63:d7:d0:34:e6
2;15:44:14.706868;-47dBm;ec:63:d7:d0:34:e6
1;15:44:16.462583;-59dBm;28:ee:52:1d:f0:0e
1;15:44:22.511038;-61dBm;28:ee:52:1d:f0:0e
2;15:44:24.241657;-71dBm;4c:1d:96:99:55:c0
1;15:44:24.163027;-61dBm;4c:1d:96:99:55:c0
2;15:44:25.840961;-61dBm;c4:d0:e3:5e:00:38
1;15:44:25.762322;-61dBm;c4:d0:e3:5e:00:38
1;15:44:28.554850;-59dBm;28:ee:52:1d:f0:0e
2;15:44:31.196209;-51dBm;9a:ed:c5:49:c2:35
1;15:44:33.792744;-63dBm;a4:ce:da:1b:4a:aa
2;15:44:33.871455;-71dBm;a4:ce:da:1b:4a:aa
1;15:44:34.195451;-61dBm;4c:1d:96:99:55:c0
2;15:44:40.761380;-71dBm;28:ee:52:1d:f0:0e
1;15:44:40.682586;-61dBm;28:ee:52:1d:f0:0e
2;15:44:43.123961;-73dBm;7e:76:98:bb:ac:11
1;15:44:43.045148;-67dBm;7e:76:98:bb:ac:11
1;15:44:52.812247;-59dBm;28:ee:52:1d:f0:0e
2;15:44:52.891123;-69dBm;28:ee:52:1d:f0:0e
1;15:44:54.047935;-31dBm;9a:ed:c5:49:c2:35
2;15:44:54.126785;-45dBm;9a:ed:c5:49:c2:35
2;15:44:56.141639;-67dBm;14:c1:4e:3c:ce:8d
1;15:44:56.488086;-63dBm;4c:1d:96:99:55:c0
1;15:44:58.860342;-61dBm;28:ee:52:1d:f0:0e
2;15:44:58.939245;-73dBm;28:ee:52:1d:f0:0e
2;15:45:00.572910;-71dBm;76:0a:3b:9a:ba:e3
2;15:45:03.169270;-69dBm;b6:77:7f:f5:83:9b
1;15:45:03.774410;-59dBm;e0:0a:f6:50:3f:4f
1;15:45:04.861940;-27dBm;9a:ed:c5:49:c2:35
2;15:45:06.170434;-69dBm;ac:67:84:ca:c6:e4
2;15:45:08.024312;-69dBm;4a:68:99:2e:18:74
2;15:45:21.738829;-39dBm;ec:63:d7:d0:34:e6
1;15:45:21.658199;-41dBm;ec:63:d7:d0:34:e6
2;15:45:24.950614;-43dBm;9a:ed:c5:49:c2:35
1;15:45:24.869730;-35dBm;9a:ed:c5:49:c2:35
1;15:45:28.248366;-63dBm;4c:1d:96:99:55:c0
1;15:45:30.466476;-45dBm;9a:ed:c5:49:c2:35
2;15:45:30.547809;-45dBm;9a:ed:c5:49:c2:35
1;15:45:34.847001;-67dBm;4c:1d:96:99:55:c0
2;15:45:40.106419;-63dBm;4c:1d:96:99:55:c0
2;15:45:41.175925;-19dBm;9a:ed:c5:49:c2:35
2;15:45:46.111279;-59dBm;be:9a:25:9f:9d:2b
1;15:45:46.046367;-57dBm;be:9a:25:9f:9d:2b
2;15:45:47.431978;-71dBm;28:ee:52:1d:f0:0e
1;15:45:47.349350;-59dBm;28:ee:52:1d:f0:0e
2;15:45:49.622483;-67dBm;18:26:49:a9:be:2e
1;15:45:49.539635;-59dBm;18:26:49:a9:be:2e
2;15:45:50.183394;-65dBm;4c:1d:96:99:55:c0
1;15:45:53.150337;-67dBm;42:0c:b0:0b:2a:4c
2;15:45:53.350510;-65dBm;1a:52:1f:78:3c:30
2;15:45:58.220314;-67dBm;4c:1d:96:99:55:c0
1;15:45:58.136802;-61dBm;4c:1d:96:99:55:c0
1;15:45:59.476689;-61dBm;28:ee:52:1d:f0:0e
1;15:46:05.546650;-61dBm;28:ee:52:1d:f0:0e
1;15:46:07.678129;-39dBm;9a:ed:c5:49:c2:35
2;15:46:07.762359;-35dBm;9a:ed:c5:49:c2:35
1;15:46:08.536722;-61dBm;4c:1d:96:99:55:c0
2;15:46:08.621027;-69dBm;4c:1d:96:99:55:c0
1;15:46:09.352634;-35dBm;9a:ed:c5:49:c2:35
2;15:46:09.437010;-37dBm;9a:ed:c5:49:c2:35
1;15:46:22.205007;-55dBm;18:26:49:a9:be:2e
2;15:46:25.194509;-65dBm;4c:1d:96:99:55:c0
2;15:46:27.177190;-49dBm;ec:63:d7:d0:34:e6
2;15:46:27.629654;-69dBm;14:c1:4e:3c:ce:8d
1;15:46:29.239949;-25dBm;9a:ed:c5:49:c2:35
2;15:46:29.325813;-33dBm;9a:ed:c5:49:c2:35
1;15:46:29.760047;-59dBm;28:ee:52:1d:f0:0e
1;15:46:34.459254;-63dBm;da:07:44:b9:6a:d5
2;15:46:40.465933;-71dBm;a0:f3:c1:1e:e6:b5
1;15:46:41.869338;-59dBm;28:ee:52:1d:f0:0e
1;15:46:47.912618;-61dBm;28:ee:52:1d:f0:0e
2;15:46:54.473443;-57dBm;18:26:49:a9:be:2e
1;15:46:53.976869;-59dBm;28:ee:52:1d:f0:0e
2;15:47:00.120506;-69dBm;28:ee:52:1d:f0:0e
1;15:47:00.032497;-57dBm;28:ee:52:1d:f0:0e
1;15:47:06.084603;-59dBm;28:ee:52:1d:f0:0e
1;15:47:09.255969;-25dBm;9a:ed:c5:49:c2:35
2;15:47:09.344638;-37dBm;9a:ed:c5:49:c2:35
1;15:47:10.172665;-65dBm;14:c1:4e:3c:ce:8d
1;15:47:11.847911;-65dBm;70:32:17:59:4a:93
1;15:47:18.216920;-57dBm;28:ee:52:1d:f0:0e
2;15:47:19.907718;-69dBm;ac:67:84:ca:c6:e4
1;15:47:21.436996;-61dBm;4c:1d:96:99:55:c0
2;15:47:21.650500;-61dBm;b2:08:18:a5:0c:23
1;15:47:26.510975;-53dBm;18:26:49:a9:be:2e
2;15:47:26.600792;-63dBm;18:26:49:a9:be:2e
2;15:47:30.418440;-69dBm;28:ee:52:1d:f0:0e
1;15:47:30.328399;-59dBm;28:ee:52:1d:f0:0e
1;15:47:35.059001;-41dBm;ec:63:d7:d0:34:e6
2;15:47:36.494658;-69dBm;28:ee:52:1d:f0:0e
1;15:47:36.404174;-59dBm;28:ee:52:1d:f0:0e
2;15:47:41.600432;-67dBm;00:f6:20:e2:2d:a2
1;15:47:42.470807;-59dBm;28:ee:52:1d:f0:0e
1;15:47:43.677076;-59dBm;4c:1d:96:99:55:c0
2;15:47:43.768032;-67dBm;4c:1d:96:99:55:c0
2;15:47:46.341566;-69dBm;a4:ce:da:1b:4a:aa
2;15:47:53.414315;-69dBm;ca:a5:b6:d1:5b:d2
1;15:47:54.134973;-63dBm;aa:4c:d5:bd:44:0a
1;15:47:55.871180;-67dBm;14:c1:4e:3c:ce:8d
2;15:47:55.962894;-69dBm;14:c1:4e:3c:ce:8d
1;15:47:57.678080;-59dBm;18:26:49:a9:be:2e
2;15:48:02.967989;-71dBm;0c:dd:24:68:14:f1
2;15:48:05.456885;-65dBm;4c:1d:96:99:55:c0
1;15:48:06.711543;-59dBm;28:ee:52:1d:f0:0e
2;15:48:06.803967;-69dBm;28:ee:52:1d:f0:0e
1;15:48:07.849817;-39dBm;bc:d0:74:50:04:a6
2;15:48:07.942299;-41dBm;bc:d0:74:50:04:a6
2;15:48:09.111894;-71dBm;ce:a5:8a:e6:5c:ce
2;15:48:12.859133;-71dBm;28:ee:52:1d:f0:0e
1;15:48:12.766388;-57dBm;28:ee:52:1d:f0:0e
2;15:48:18.923592;-69dBm;28:ee:52:1d:f0:0e
2;15:48:24.177480;-69dBm;ac:67:84:ca:c6:e4
1;15:48:24.875897;-59dBm;28:ee:52:1d:f0:0e
1;15:48:26.424965;-67dBm;7a:e4:da:02:c1:ff
2;15:48:29.385072;-21dBm;9a:ed:c5:49:c2:35
1;15:48:29.291261;-17dBm;9a:ed:c5:49:c2:35
2;15:48:31.021608;-69dBm;28:ee:52:1d:f0:0e
1;15:48:30.927693;-59dBm;28:ee:52:1d:f0:0e
2;15:48:37.082549;-71dBm;28:ee:52:1d:f0:0e
1;15:48:36.988310;-61dBm;28:ee:52:1d:f0:0e
2;15:48:41.668219;-69dBm;14:c1:4e:3c:ce:8d
1;15:48:41.573675;-65dBm;14:c1:4e:3c:ce:8d
1;15:48:42.979250;-59dBm;28:ee:52:1d:f0:0e
1;15:48:43.856286;-61dBm;4c:1d:96:99:55:c0
2;15:48:45.925591;-69dBm;00:f6:20:e2:2d:a2
2;15:48:53.434840;-69dBm;2a:6e:85:b1:97:26
1;15:48:53.340085;-65dBm;2a:6e:85:b1:97:26
2;15:48:55.399901;-67dBm;4c:1d:96:99:55:c0
1;15:48:56.916404;-65dBm;26:56:1d:1f:8a:d8
1;15:49:01.235633;-59dBm;28:ee:52:1d:f0:0e
2;15:49:03.607189;-45dBm;9a:ed:c5:49:c2:35
2;15:49:04.839892;-37dBm;9a:ed:c5:49:c2:35
1;15:49:04.744023;-43dBm;9a:ed:c5:49:c2:35
2;15:49:06.222768;-67dBm;ac:67:84:ca:c6:e4
1;15:49:07.294563;-57dBm;28:ee:52:1d:f0:0e
2;15:49:11.641403;-67dBm;4c:1d:96:99:55:c0
1;15:49:11.545141;-63dBm;4c:1d:96:99:55:c0
2;15:49:14.164475;-45dBm;82:f7:1b:bb:d7:59
1;15:49:16.935748;-45dBm;92:31:fa:51:9b:46
1;15:49:18.785878;-47dBm;e2:e8:5c:ae:e6:6b
1;15:49:23.292468;-59dBm;4c:1d:96:99:55:c0
2;15:49:25.570741;-69dBm;28:ee:52:1d:f0:0e
2;15:49:27.092705;-73dBm;14:c1:4e:3c:ce:8d
2;15:49:28.065543;-71dBm;ac:67:84:ca:c6:e4
1;15:49:32.367761;-53dBm;18:26:49:a9:be:2e
2;15:49:32.465171;-65dBm;18:26:49:a9:be:2e
1;15:49:33.405430;-59dBm;4c:1d:96:99:55:c0
2;15:49:38.950906;-75dBm;4c:1d:96:99:55:c0
1;15:49:39.766734;-47dBm;22:f0:30:59:af:3b
2;15:49:39.864520;-45dBm;22:f0:30:59:af:3b
2;15:49:45.025685;-67dBm;4c:1d:96:99:55:c0
1;15:49:44.927594;-63dBm;4c:1d:96:99:55:c0
2;15:49:45.373001;-45dBm;86:32:7a:21:30:ad
1;15:49:46.108714;-47dBm;86:32:7a:21:30:ad
2;15:49:46.934563;-53dBm;ec:63:d7:d0:34:e6
1;15:49:49.740266;-61dBm;28:ee:52:1d:f0:0e
2;15:49:50.090944;-67dBm;00:f6:20:e2:2d:a2
1;15:49:53.408151;-59dBm;02:d4:a2:74:cc:ab
2;15:49:53.506704;-67dBm;02:d4:a2:74:cc:ab
1;15:49:55.904676;-61dBm;4c:1d:96:99:55:c0
1;15:49:58.689716;-49dBm;86:32:7a:21:30:ad
2;15:49:58.788534;-51dBm;86:32:7a:21:30:ad
1;15:50:01.858621;-61dBm;28:ee:52:1d:f0:0e
1;15:50:03.689717;-59dBm;18:26:49:a9:be:2e
1;15:50:07.911619;-55dBm;28:ee:52:1d:f0:0e
2;15:50:09.796777;-69dBm;14:c1:4e:3c:ce:8d
1;15:50:09.952678;-41dBm;bc:d0:74:50:04:a6
2;15:50:12.932961;-77dBm;4c:1d:96:99:55:c0
1;15:50:12.833413;-65dBm;4c:1d:96:99:55:c0
1;15:50:13.975401;-59dBm;28:ee:52:1d:f0:0e
1;15:50:15.400078;-27dBm;9a:ed:c5:49:c2:35
2;15:50:15.499764;-37dBm;9a:ed:c5:49:c2:35
1;15:50:17.953391;-61dBm;4c:1d:96:99:55:c0
2;15:50:18.053235;-67dBm;4c:1d:96:99:55:c0
1;15:50:26.114955;-59dBm;28:ee:52:1d:f0:0e
1;15:50:28.496812;-63dBm;4c:1d:96:99:55:c0
2;15:50:28.597170;-67dBm;4c:1d:96:99:55:c0
2;15:50:32.002536;-65dBm;ac:67:84:ca:c6:e4
1;15:50:34.666041;-53dBm;18:26:49:a9:be:2e
2;15:50:39.533644;-67dBm;4c:1d:96:99:55:c0
1;15:50:39.432734;-63dBm;4c:1d:96:99:55:c0
2;15:50:42.699749;-75dBm;da:a1:19:ff:eb:95
1;15:50:44.293981;-59dBm;28:ee:52:1d:f0:0e
1;15:50:52.454807;-35dBm;ec:63:d7:d0:34:e6
1;15:50:53.399385;-65dBm;32:60:00:87:aa:5f
2;15:50:53.500947;-67dBm;32:60:00:87:aa:5f
2;15:50:55.364967;-71dBm;14:c1:4e:3c:ce:8d
1;15:50:56.423284;-59dBm;28:ee:52:1d:f0:0e
2;15:51:02.239354;-71dBm;e0:0a:f6:50:3f:4f
1;15:51:02.137324;-63dBm;e0:0a:f6:50:3f:4f
2;15:51:06.237254;-67dBm;ac:67:84:ca:c6:e4
1;15:51:06.662906;-59dBm;4c:1d:96:99:55:c0
1;15:51:08.545891;-59dBm;28:ee:52:1d:f0:0e
1;15:51:14.601839;-61dBm;28:ee:52:1d:f0:0e
2;15:51:14.704416;-73dBm;28:ee:52:1d:f0:0e
2;15:51:16.755948;-65dBm;be:94:7f:66:1c:6a
1;15:51:16.653228;-65dBm;be:94:7f:66:1c:6a
1;15:51:26.242594;-63dBm;74:e5:f9:b9:03:5c
2;15:51:26.345735;-73dBm;74:e5:f9:b9:03:5c
2;15:51:28.286485;-67dBm;4c:1d:96:99:55:c0
1;15:51:32.787542;-59dBm;28:ee:52:1d:f0:0e
2;15:51:33.992538;-67dBm;4c:1d:96:99:55:c0
2;15:51:37.984119;-69dBm;18:26:49:a9:be:2e
1;15:51:37.880441;-57dBm;18:26:49:a9:be:2e
2;15:51:40.855602;-71dBm;14:c1:4e:3c:ce:8d
1;15:51:40.756694;-67dBm;14:c1:4e:3c:ce:8d
2;15:51:44.495156;-65dBm;4c:1d:96:99:55:c0
2;15:51:51.048844;-65dBm;4c:1d:96:99:55:c0
1;15:51:53.424491;-65dBm;d6:ba:05:25:36:43
2;15:51:53.528877;-67dBm;d6:ba:05:25:36:43
1;15:51:56.942082;-55dBm;28:ee:52:1d:f0:0e
2;15:51:58.788851;-67dBm;00:f6:20:e2:2d:a2
1;15:52:03.062024;-61dBm;28:ee:52:1d:f0:0e
2;15:52:03.166845;-73dBm;28:ee:52:1d:f0:0e
1;15:52:04.553912;-47dBm;9a:ed:c5:49:c2:35
2;15:52:04.908180;-33dBm;9a:ed:c5:49:c2:35
1;15:52:06.407475;-59dBm;4c:1d:96:99:55:c0
2;15:52:06.512465;-65dBm;4c:1d:96:99:55:c0
1;15:52:09.124286;-59dBm;28:ee:52:1d:f0:0e
2;15:52:10.949993;-71dBm;98:42:65:e5:f1:50
1;15:52:15.186329;-59dBm;28:ee:52:1d:f0:0e
2;15:52:19.343574;-73dBm;a0:f3:c1:1e:e6:b5
1;15:52:20.189636;-63dBm;a4:45:19:6f:72:46
1;15:52:27.024148;-31dBm;9a:ed:c5:49:c2:35
2;15:52:33.503023;-75dBm;28:ee:52:1d:f0:0e
2;15:52:39.583152;-73dBm;28:ee:52:1d:f0:0e
2;15:52:40.481373;-69dBm;ac:67:84:ca:c6:e4
2;15:52:45.639527;-71dBm;28:ee:52:1d:f0:0e
1;15:52:45.532932;-59dBm;28:ee:52:1d:f0:0e
2;15:52:46.484237;-69dBm;e0:d4:64:f2:5f:94
1;15:52:53.463377;-61dBm;32:21:1e:1d:21:5b
2;15:52:53.549315;-65dBm;32:21:1e:1d:21:5b
1;15:52:55.820614;-37dBm;ec:63:d7:d0:34:e6
2;15:52:55.927659;-43dBm;ec:63:d7:d0:34:e6
1;15:52:57.153717;-63dBm;a4:ce:da:1b:4a:aa
2;15:52:57.260841;-69dBm;a4:ce:da:1b:4a:aa
1;15:52:57.645396;-59dBm;28:ee:52:1d:f0:0e
1;15:53:00.441212;-65dBm;b6:fa:41:c6:68:39
2;15:53:02.858625;-65dBm;4c:1d:96:99:55:c0
1;15:53:03.705708;-59dBm;28:ee:52:1d:f0:0e
1;15:53:04.597112;-47dBm;9a:ed:c5:49:c2:35
2;15:53:06.246167;-69dBm;ac:67:84:ca:c6:e4
2;15:53:09.093151;-71dBm;14:c1:4e:3c:ce:8d
1;15:53:08.985597;-67dBm;14:c1:4e:3c:ce:8d
1;15:53:15.816416;-61dBm;28:ee:52:1d:f0:0e
1;15:53:21.885650;-59dBm;28:ee:52:1d:f0:0e
1;15:53:22.921902;-55dBm;2c:db:07:49:42:ce
1;15:53:24.472337;-59dBm;4c:1d:96:99:55:c0
2;15:53:26.478468;-67dBm;c2:85:35:11:44:e7
1;15:53:27.953411;-59dBm;28:ee:52:1d:f0:0e
2;15:53:28.821143;-35dBm;9a:ed:c5:49:c2:35
1;15:53:28.712799;-45dBm;9a:ed:c5:49:c2:35
1;15:53:34.008912;-59dBm;28:ee:52:1d:f0:0e
1;15:53:40.008263;-59dBm;28:ee:52:1d:f0:0e
2;15:53:44.359679;-69dBm;ac:67:84:ca:c6:e4
1;15:53:46.140013;-59dBm;28:ee:52:1d:f0:0e
2;15:53:48.129317;-67dBm;4c:1d:96:99:55:c0
1;15:53:48.020205;-63dBm;4c:1d:96:99:55:c0
2;15:53:49.187995;-45dBm;9a:ed:c5:49:c2:35
1;15:53:49.294887;-37dBm;9a:ed:c5:49:c2:35
2;15:53:53.573666;-65dBm;06:8c:a7:a6:34:83
1;15:53:53.464332;-65dBm;06:8c:a7:a6:34:83
2;15:53:54.622756;-69dBm;14:c1:4e:3c:ce:8d
2;15:54:01.479130;-45dBm;ec:63:d7:d0:34:e6
1;15:54:01.369507;-43dBm;ec:63:d7:d0:34:e6
1;15:54:04.337682;-59dBm;28:ee:52:1d:f0:0e
2;15:54:07.140756;-69dBm;00:f6:20:e2:2d:a2
2;15:54:09.794912;-35dBm;9a:ed:c5:49:c2:35
1;15:54:09.685006;-39dBm;9a:ed:c5:49:c2:35
2;15:54:10.510597;-71dBm;28:ee:52:1d:f0:0e
2;15:54:16.581874;-73dBm;28:ee:52:1d:f0:0e
1;15:54:16.265498;-65dBm;ee:bb:38:85:2c:6e
1;15:54:18.135600;-61dBm;da:d2:a7:54:cd:ec
2;15:54:18.245772;-65dBm;da:d2:a7:54:cd:ec
2;15:54:22.676005;-75dBm;28:ee:52:1d:f0:0e
1;15:54:22.565527;-61dBm;28:ee:52:1d:f0:0e
1;15:54:28.635610;-59dBm;28:ee:52:1d:f0:0e
2;15:54:28.746231;-71dBm;28:ee:52:1d:f0:0e
2;15:54:31.716311;-67dBm;4c:1d:96:99:55:c0
1;15:54:31.605595;-61dBm;4c:1d:96:99:55:c0
1;15:54:34.691765;-61dBm;28:ee:52:1d:f0:0e
2;15:54:37.274408;-67dBm;14:c1:4e:3c:ce:8d
2;15:54:48.498295;-67dBm;ac:67:84:ca:c6:e4
1;15:54:52.861001;-59dBm;28:ee:52:1d:f0:0e
2;15:54:53.600610;-67dBm;0e:3f:9d:e4:a8:90
1;15:54:53.489061;-65dBm;0e:3f:9d:e4:a8:90
1;15:54:58.916394;-61dBm;28:ee:52:1d:f0:0e
2;15:55:06.261103;-69dBm;ac:67:84:ca:c6:e4
1;15:55:06.942913;-35dBm;ec:63:d7:d0:34:e6
2;15:55:07.054964;-45dBm;ec:63:d7:d0:34:e6
2;15:55:11.251664;-65dBm;00:f6:20:e2:2d:a2
1;15:55:17.091575;-59dBm;28:ee:52:1d:f0:0e
1;15:55:21.994424;-63dBm;4c:1d:96:99:55:c0
2;15:55:23.110725;-69dBm;14:c1:4e:3c:ce:8d
1;15:55:29.195183;-57dBm;28:ee:52:1d:f0:0e
1;15:55:31.896648;-61dBm;4c:1d:96:99:55:c0
2;15:55:32.009503;-67dBm;4c:1d:96:99:55:c0
1;15:55:35.267728;-59dBm;28:ee:52:1d:f0:0e
1;15:55:37.224599;-33dBm;9a:ed:c5:49:c2:35
1;15:55:41.316684;-51dBm;28:ee:52:1d:f0:0e
1;15:55:43.481935;-63dBm;4c:1d:96:99:55:c0
2;15:55:43.595162;-69dBm;4c:1d:96:99:55:c0
1;15:55:47.375578;-59dBm;28:ee:52:1d:f0:0e
2;15:55:52.664313;-69dBm;ac:67:84:ca:c6:e4
2;15:55:53.630597;-65dBm;ea:20:b7:69:79:dc
1;15:55:53.422923;-59dBm;28:ee:52:1d:f0:0e
2;15:56:06.438908;-71dBm;7e:24:a8:16:b8:31
1;15:56:06.201572;-65dBm;c2:22:98:9d:75:f6
2;15:56:07.437301;-67dBm;c4:36:6c:18:0a:d0
2;15:56:08.912082;-73dBm;14:c1:4e:3c:ce:8d
2;15:56:10.842499;-75dBm;60:a5:e2:57:6c:af
1;15:56:11.580524;-61dBm;28:ee:52:1d:f0:0e
1;15:56:12.509839;-41dBm;ec:63:d7:d0:34:e6
1;15:56:15.469853;-67dBm;00:f6:20:e2:2d:a2
1;15:56:17.635465;-61dBm;28:ee:52:1d:f0:0e
1;15:56:23.163892;-61dBm;4c:1d:96:99:55:c0
1;15:56:23.690585;-59dBm;28:ee:52:1d:f0:0e
1;15:56:29.752065;-59dBm;28:ee:52:1d:f0:0e
1;15:56:35.814222;-61dBm;28:ee:52:1d:f0:0e
1;15:56:41.878181;-59dBm;28:ee:52:1d:f0:0e
1;15:56:44.884825;-61dBm;4c:1d:96:99:55:c0
1;15:56:47.961504;-59dBm;28:ee:52:1d:f0:0e
2;15:56:53.656953;-63dBm;a2:f2:c2:a1:3a:2a
1;15:56:53.541496;-63dBm;a2:f2:c2:a1:3a:2a
2;15:56:54.674301;-69dBm;14:c1:4e:3c:ce:8d
1;15:57:00.094207;-59dBm;28:ee:52:1d:f0:0e
2;15:57:06.271521;-71dBm;ac:67:84:ca:c6:e4
1;15:57:06.368299;-61dBm;4c:1d:96:99:55:c0
1;15:57:12.233250;-61dBm;28:ee:52:1d:f0:0e
2;15:57:15.280086;-41dBm;22:a6:6b:a5:a8:f2
1;15:57:15.174289;-43dBm;22:a6:6b:a5:a8:f2
1;15:57:18.283188;-59dBm;28:ee:52:1d:f0:0e
1;15:57:22.419281;-65dBm;92:5d:09:07:68:6d
1;15:57:29.482052;-61dBm;4c:1d:96:99:55:c0
2;15:57:29.598564;-65dBm;4c:1d:96:99:55:c0
1;15:57:36.479428;-61dBm;28:ee:52:1d:f0:0e
1;15:57:42.561901;-59dBm;28:ee:52:1d:f0:0e
1;15:57:48.621685;-59dBm;28:ee:52:1d:f0:0e
2;15:57:53.687824;-67dBm;52:13:b0:0f:ae:f6
1;15:57:53.611282;-67dBm;52:13:b0:0f:ae:f6
2;15:57:54.756166;-41dBm;9a:ed:c5:49:c2:35
1;15:57:54.638909;-31dBm;9a:ed:c5:49:c2:35
1;15:58:00.652723;-67dBm;08:8e:90:ee:5a:6b
2;15:58:00.979575;-69dBm;ac:67:84:ca:c6:e4
1;15:58:01.308890;-65dBm;4c:1d:96:99:55:c0
2;15:58:06.920717;-71dBm;28:ee:52:1d:f0:0e
2;15:58:09.659514;-59dBm;82:b4:02:6b:fd:e8
1;15:58:09.541858;-57dBm;82:b4:02:6b:fd:e8
1;15:58:12.865800;-61dBm;28:ee:52:1d:f0:0e
2;15:58:12.983555;-73dBm;28:ee:52:1d:f0:0e
1;15:58:13.845596;-59dBm;4c:1d:96:99:55:c0
2;15:58:13.963333;-67dBm;4c:1d:96:99:55:c0
1;15:58:15.739902;-29dBm;9a:ed:c5:49:c2:35
1;15:58:30.573125;-37dBm;bc:d0:74:50:04:a6
2;15:58:30.670974;-43dBm;bc:d0:74:50:04:a6
1;15:58:35.865597;-59dBm;4c:1d:96:99:55:c0
2;15:58:35.983998;-65dBm;4c:1d:96:99:55:c0
1;15:58:37.053297;-59dBm;28:ee:52:1d:f0:0e
2;15:58:43.293016;-63dBm;28:ee:52:1d:f0:0e
1;15:58:49.221910;-57dBm;28:ee:52:1d:f0:0e
2;15:58:53.701796;-69dBm;42:7e:e8:5e:6e:1c
1;15:58:55.284824;-59dBm;28:ee:52:1d:f0:0e
2;15:58:55.403806;-71dBm;28:ee:52:1d:f0:0e
1;15:58:57.621273;-57dBm;4c:1d:96:99:55:c0
2;15:58:58.144560;-43dBm;9a:ed:c5:49:c2:35
1;15:59:01.348887;-61dBm;28:ee:52:1d:f0:0e
2;15:59:04.989960;-71dBm;ac:67:84:ca:c6:e4
2;15:59:07.515932;-65dBm;28:ee:52:1d:f0:0e
1;15:59:07.396671;-59dBm;28:ee:52:1d:f0:0e
2;15:59:09.961293;-69dBm;4c:1d:96:99:55:c0
2;15:59:12.708070;-65dBm;da:a1:19:48:d9:85
2;15:59:13.807874;-67dBm;da:a1:19:48:d9:85
1;15:59:19.516883;-61dBm;28:ee:52:1d:f0:0e
2;15:59:20.144005;-69dBm;4c:1d:96:99:55:c0
1;15:59:25.569668;-61dBm;28:ee:52:1d:f0:0e
2;15:59:27.222740;-55dBm;9a:ed:c5:49:c2:35
2;15:59:28.369528;-67dBm;00:f6:20:e2:2d:a2
2;15:59:31.043711;-67dBm;4c:1d:96:99:55:c0
1;15:59:35.639238;-65dBm;4c:1d:96:99:55:c0
1;15:59:40.925546;-63dBm;4c:1d:96:99:55:c0
1;15:59:43.761850;-59dBm;28:ee:52:1d:f0:0e
1;15:59:46.152122;-49dBm;06:1a:6b:b8:d6:d0
2;15:59:46.272357;-43dBm;06:1a:6b:b8:d6:d0
2;15:59:50.856559;-71dBm;14:c1:4e:3c:ce:8d
1;15:59:50.936848;-63dBm;4c:1d:96:99:55:c0
2;15:59:53.729404;-67dBm;12:78:61:3e:cf:ff
1;15:59:53.608989;-63dBm;12:78:61:3e:cf:ff
2;15:59:54.523062;-53dBm;3c:15:c2:d7:e1:96
1;15:59:55.889817;-61dBm;28:ee:52:1d:f0:0e
1;16:00:03.249365;-61dBm;4c:1d:96:99:55:c0
1;16:00:07.992242;-57dBm;28:ee:52:1d:f0:0e
1;16:00:09.581370;-59dBm;f6:a1:ec:1f:10:a5
2;16:00:14.179342;-67dBm;28:ee:52:1d:f0:0e
2;16:00:26.763513;-73dBm;b2:a9:83:c4:b2:73
2;16:00:35.295037;-67dBm;4c:1d:96:99:55:c0
2;16:00:36.568155;-67dBm;14:c1:4e:3c:ce:8d
1;16:00:38.311958;-61dBm;28:ee:52:1d:f0:0e
2;16:00:44.507570;-65dBm;28:ee:52:1d:f0:0e
2;16:00:50.561860;-73dBm;28:ee:52:1d:f0:0e
1;16:00:50.440062;-61dBm;28:ee:52:1d:f0:0e
1;16:00:52.238550;-69dBm;4c:1d:96:99:55:c0
1;16:00:53.666581;-65dBm;86:0d:83:2a:f7:ce
2;16:00:53.787158;-69dBm;86:0d:83:2a:f7:ce
1;16:00:53.958224;-39dBm;bc:d0:74:50:04:a6
1;16:00:56.500584;-61dBm;28:ee:52:1d:f0:0e
2;16:00:57.230788;-41dBm;22:a6:6b:a5:a8:f2
1;16:01:02.579661;-63dBm;28:ee:52:1d:f0:0e
2;16:01:06.306813;-69dBm;ac:67:84:ca:c6:e4
2;16:01:08.051320;-67dBm;4c:1d:96:99:55:c0
1;16:01:07.929089;-61dBm;4c:1d:96:99:55:c0
1;16:01:12.967156;-63dBm;4c:1d:96:99:55:c0
2;16:01:14.481941;-69dBm;ac:67:84:ca:c6:e4
1;16:01:14.722659;-61dBm;28:ee:52:1d:f0:0e
1;16:01:16.538443;-25dBm;22:a6:6b:a5:a8:f2
2;16:01:16.660838;-43dBm;22:a6:6b:a5:a8:f2
2;16:01:19.008321;-73dBm;4c:1d:96:99:55:c0
1;16:01:18.885844;-61dBm;4c:1d:96:99:55:c0
2;16:01:22.381048;-69dBm;14:c1:4e:3c:ce:8d
1;16:01:24.626198;-63dBm;4c:1d:96:99:55:c0
1;16:01:30.264858;-43dBm;22:a6:6b:a5:a8:f2
2;16:01:30.408710;-43dBm;22:a6:6b:a5:a8:f2
2;16:01:33.018176;-67dBm;28:ee:52:1d:f0:0e
1;16:01:32.895397;-61dBm;28:ee:52:1d:f0:0e
1;16:01:35.290274;-65dBm;4c:1d:96:99:55:c0
2;16:01:37.014215;-67dBm;00:f6:20:e2:2d:a2
1;16:01:38.959659;-61dBm;28:ee:52:1d:f0:0e
1;16:01:45.025824;-61dBm;28:ee:52:1d:f0:0e
2;16:01:45.973234;-65dBm;e0:0a:f6:50:3f:4f
1;16:01:45.737050;-63dBm;e0:0a:f6:50:3f:4f
2;16:01:46.495516;-69dBm;74:e5:f9:b9:03:5c
1;16:01:47.283375;-63dBm;4c:1d:96:99:55:c0
2;16:01:51.202281;-69dBm;28:ee:52:1d:f0:0e
2;16:01:52.432431;-71dBm;4c:1d:96:99:55:c0
2;16:01:53.784626;-67dBm;ce:55:bd:e3:12:dc
2;16:01:56.579582;-33dBm;22:a6:6b:a5:a8:f2
1;16:01:57.862687;-33dBm;22:a6:6b:a5:a8:f2
2;16:01:57.986087;-35dBm;22:a6:6b:a5:a8:f2
2;16:02:02.545551;-75dBm;4c:1d:96:99:55:c0
2;16:02:05.092040;-71dBm;14:c1:4e:3c:ce:8d
1;16:02:04.971127;-67dBm;14:c1:4e:3c:ce:8d
1;16:02:07.300534;-63dBm;4c:1d:96:99:55:c0
2;16:02:09.391557;-69dBm;28:ee:52:1d:f0:0e
1;16:02:09.267905;-61dBm;28:ee:52:1d:f0:0e
2;16:02:09.752216;-61dBm;9a:94:a9:90:63:85
1;16:02:11.142521;-21dBm;22:a6:6b:a5:a8:f2
1;16:02:13.423932;-63dBm;4c:1d:96:99:55:c0
1;16:02:15.326971;-61dBm;28:ee:52:1d:f0:0e
2;16:02:16.459458;-39dBm;22:a6:6b:a5:a8:f2
2;16:02:18.833491;-69dBm;ac:67:84:ca:c6:e4
1;16:02:19.080461;-63dBm;4c:1d:96:99:55:c0
1;16:02:21.384185;-61dBm;28:ee:52:1d:f0:0e
1;16:02:24.577517;-61dBm;4c:1d:96:99:55:c0
1;16:02:26.436175;-39dBm;22:a6:6b:a5:a8:f2
1;16:02:27.441443;-61dBm;28:ee:52:1d:f0:0e
1;16:02:32.155737;-29dBm;22:a6:6b:a5:a8:f2
2;16:02:32.279858;-37dBm;22:a6:6b:a5:a8:f2
1;16:02:33.504362;-59dBm;28:ee:52:1d:f0:0e
2;16:02:41.312209;-69dBm;00:f6:20:e2:2d:a2
1;16:02:45.569524;-51dBm;28:ee:52:1d:f0:0e
2;16:02:46.328674;-67dBm;4c:1d:96:99:55:c0
1;16:02:47.898856;-63dBm;e0:d4:64:f2:5f:94
2;16:02:50.972679;-69dBm;14:c1:4e:3c:ce:8d
1;16:02:50.853631;-63dBm;14:c1:4e:3c:ce:8d
1;16:02:53.692834;-65dBm;d6:9b:10:66:6b:d8
2;16:02:53.816948;-65dBm;d6:9b:10:66:6b:d8
2;16:02:56.646543;-65dBm;4c:1d:96:99:55:c0
1;16:02:56.521896;-61dBm;4c:1d:96:99:55:c0
1;16:02:57.678310;-61dBm;28:ee:52:1d:f0:0e
1;16:03:03.726544;-59dBm;28:ee:52:1d:f0:0e
2;16:03:05.639417;-65dBm;00:0c:e7:26:af:5f
2;16:03:08.095048;-71dBm;4c:1d:96:99:55:c0
1;16:03:07.970156;-61dBm;4c:1d:96:99:55:c0
1;16:03:09.798973;-61dBm;28:ee:52:1d:f0:0e
1;16:03:15.868977;-59dBm;28:ee:52:1d:f0:0e
1;16:03:18.484994;-63dBm;a4:ce:da:1b:4a:aa
2;16:03:18.610095;-67dBm;a4:ce:da:1b:4a:aa
1;16:03:18.775372;-59dBm;4c:1d:96:99:55:c0
2;16:03:24.221444;-67dBm;4c:1d:96:99:55:c0
2;16:03:26.399608;-63dBm;2c:db:07:49:42:ce
1;16:03:34.086452;-59dBm;28:ee:52:1d:f0:0e
2;16:03:34.211882;-69dBm;28:ee:52:1d:f0:0e
2;16:03:36.514831;-69dBm;14:c1:4e:3c:ce:8d
1;16:03:40.117462;-61dBm;28:ee:52:1d:f0:0e
2;16:03:40.908795;-69dBm;4c:1d:96:99:55:c0
2;16:03:45.298312;-37dBm;22:a6:6b:a5:a8:f2
1;16:03:45.172648;-29dBm;22:a6:6b:a5:a8:f2
2;16:03:51.060591;-69dBm;60:a5:e2:57:6c:af
1;16:03:52.245696;-59dBm;28:ee:52:1d:f0:0e
1;16:03:53.749526;-63dBm;06:bc:52:70:68:8b
1;16:03:57.064609;-59dBm;4c:1d:96:99:55:c0
2;16:03:58.465892;-39dBm;22:a6:6b:a5:a8:f2
2;16:04:00.980428;-65dBm;ba:71:63:a0:87:68
2;16:04:02.378518;-69dBm;0a:bf:b0:fe:49:b3
1;16:04:02.938289;-63dBm;4c:1d:96:99:55:c0
1;16:04:04.375706;-59dBm;28:ee:52:1d:f0:0e
2;16:04:04.501760;-69dBm;28:ee:52:1d:f0:0e
1;16:04:05.851487;-51dBm;22:eb:43:e6:fa:d7
1;16:04:09.655577;-61dBm;76:a4:69:77:b1:e5
2;16:04:09.781735;-59dBm;76:a4:69:77:b1:e5
2;16:04:16.106942;-37dBm;22:a6:6b:a5:a8:f2
1;16:04:17.887559;-67dBm;aa:bc:28:04:de:dc
1;16:04:19.464361;-63dBm;4c:1d:96:99:55:c0
1;16:04:20.890750;-65dBm;e2:b6:c0:23:1d:ee
2;16:04:21.017126;-69dBm;e2:b6:c0:23:1d:ee
1;16:04:22.101906;-69dBm;14:c1:4e:3c:ce:8d
2;16:04:22.228316;-69dBm;14:c1:4e:3c:ce:8d
2;16:04:28.430394;-69dBm;ac:67:84:ca:c6:e4
1;16:04:30.917209;-61dBm;d6:5b:4c:6a:bd:df
1;16:04:35.927535;-59dBm;4c:1d:96:99:55:c0
2;16:04:43.485413;-37dBm;22:a6:6b:a5:a8:f2
1;16:04:46.343477;-63dBm;4c:1d:96:99:55:c0
2;16:04:46.470464;-69dBm;4c:1d:96:99:55:c0
2;16:04:49.574886;-65dBm;00:f6:20:e2:2d:a2
1;16:04:53.758331;-63dBm;9a:02:ac:7f:c6:a0
2;16:04:53.864355;-65dBm;9a:02:ac:7f:c6:a0
2;16:04:57.955756;-73dBm;4c:1d:96:99:55:c0
1;16:04:57.828622;-63dBm;4c:1d:96:99:55:c0
1;16:04:58.957987;-61dBm;28:ee:52:1d:f0:0e
2;16:05:00.373619;-67dBm;b2:d3:63:de:3d:e5
2;16:05:05.065504;-71dBm;14:c1:4e:3c:ce:8d
1;16:05:04.939275;-65dBm;14:c1:4e:3c:ce:8d
2;16:05:06.356310;-67dBm;ac:67:84:ca:c6:e4
1;16:05:08.498644;-63dBm;4c:1d:96:99:55:c0
2;16:05:10.490137;-39dBm;22:a6:6b:a5:a8:f2
1;16:05:10.341362;-43dBm;22:a6:6b:a5:a8:f2
2;16:05:14.057402;-69dBm;4c:1d:96:99:55:c0
1;16:05:13.929927;-63dBm;4c:1d:96:99:55:c0
1;16:05:17.121641;-53dBm;28:ee:52:1d:f0:0e
2;16:05:19.279838;-71dBm;4c:1d:96:99:55:c0
1;16:05:19.152262;-61dBm;4c:1d:96:99:55:c0
1;16:05:21.219184;-59dBm;22:19:c6:00:d5:47
2;16:05:21.346788;-59dBm;22:19:c6:00:d5:47
1;16:05:23.196739;-59dBm;28:ee:52:1d:f0:0e
2;16:05:24.324191;-35dBm;22:a6:6b:a5:a8:f2
1;16:05:24.196518;-33dBm;22:a6:6b:a5:a8:f2
2;16:05:24.526615;-45dBm;22:a6:6b:a5:a8:f2
2;16:05:32.774946;-71dBm;ac:67:84:ca:c6:e4
1;16:05:35.353037;-59dBm;28:ee:52:1d:f0:0e
2;16:05:35.480908;-71dBm;28:ee:52:1d:f0:0e
1;16:05:36.097482;-65dBm;4c:1d:96:99:55:c0
2;16:05:38.097590;-43dBm;22:a6:6b:a5:a8:f2
2;16:05:38.591914;-69dBm;60:a5:e2:57:6c:af
1;16:05:41.340310;-63dBm;4c:1d:96:99:55:c0
2;16:05:45.955189;-15dBm;9a:ed:c5:49:c2:35
1;16:05:47.452705;-63dBm;28:ee:52:1d:f0:0e
2;16:05:48.120636;-65dBm;ac:c3:58:9f:c1:16
2;16:05:51.209855;-37dBm;9a:ed:c5:49:c2:35
1;16:05:51.809166;-43dBm;22:a6:6b:a5:a8:f2
2;16:05:53.597007;-63dBm;00:f6:20:e2:2d:a2
2;16:05:54.316525;-71dBm;7a:f9:6c:f0:e1:b1
1;16:05:58.173274;-37dBm;22:a6:6b:a5:a8:f2
2;16:05:59.330671;-71dBm;2e:0f:6f:cf:42:19
1;16:05:59.202362;-63dBm;2e:0f:6f:cf:42:19
2;16:05:59.726935;-69dBm;28:ee:52:1d:f0:0e
1;16:06:02.909752;-59dBm;4c:1d:96:99:55:c0
1;16:06:05.665407;-59dBm;28:ee:52:1d:f0:0e
2;16:06:07.693589;-39dBm;bc:d0:74:50:04:a6
1;16:06:07.565165;-41dBm;bc:d0:74:50:04:a6
1;16:06:09.110318;-41dBm;22:a6:6b:a5:a8:f2
1;16:06:12.689518;-27dBm;da:a1:19:6a:3a:1b
2;16:06:17.270706;-27dBm;c6:fd:b8:56:3d:58
1;16:06:17.796853;-61dBm;28:ee:52:1d:f0:0e
2;16:06:22.990406;-49dBm;22:a6:6b:a5:a8:f2
1;16:06:23.373339;-35dBm;22:a6:6b:a5:a8:f2
2;16:06:25.675454;-67dBm;86:a6:76:18:d5:91
